"spam","to_multiple","from","cc","sent_email","time","image","attach","dollar","winner","inherit","password","num_char","line_breaks","format","re_subj","exclaim_subj","urgent_subj","exclaim_mess","number"
"0",0,1,1,0,2012-01-15 11:50:52,0,0,0,"no",0,0,3.447,78,0,1,0,0,0,"small"
"0",0,1,0,0,2012-02-08 22:34:14,0,0,7,"no",0,0,32.217,763,1,0,0,0,1,"small"
"0",0,1,0,1,2012-02-02 19:50:06,0,0,0,"no",0,0,7.565,196,1,1,0,0,0,"small"
"0",0,1,0,0,2012-03-15 11:58:53,0,0,0,"no",0,0,2.199,48,1,0,0,0,2,"small"
"0",0,1,0,0,2012-02-07 16:03:05,0,0,0,"no",0,0,61.251,1308,1,0,0,0,1,"small"
"0",0,1,0,0,2012-03-29 11:10:32,0,0,26,"no",0,0,37.622,563,1,0,0,0,7,"small"
"0",0,1,1,1,2012-03-11 20:02:13,0,0,0,"no",0,0,2.031,43,0,1,0,0,1,"small"
"0",0,1,0,0,2012-01-10 11:29:19,0,0,0,"no",0,0,0.45,14,0,0,0,0,0,"none"
"0",1,1,0,0,2012-03-28 12:00:49,0,0,0,"no",0,0,10.185,132,0,0,0,0,0,"small"
"0",0,1,0,1,2012-02-14 07:53:18,0,0,0,"no",0,0,6.071,157,1,1,0,0,4,"small"
"0",0,1,0,0,2012-01-24 09:13:11,0,0,0,"no",0,0,16.148,256,1,0,0,0,1,"small"
"0",1,1,0,0,2012-01-25 15:16:14,0,0,0,"no",0,0,0.478,9,0,0,0,0,1,"small"
"0",0,1,0,0,2012-02-13 22:46:37,0,0,0,"no",0,0,25.2,636,1,0,0,0,2,"small"
"0",0,1,0,0,2012-02-08 20:50:02,0,0,4,"no",0,0,3.119,64,1,0,0,0,0,"small"
"0",0,1,0,0,2012-01-27 07:29:51,0,0,0,"no",0,0,10.824,353,1,0,0,0,2,"small"
"0",0,1,0,0,2012-02-01 21:14:31,0,0,0,"no",0,0,3.347,93,1,1,0,0,8,"small"
"0",0,1,0,1,2012-01-05 14:09:50,0,0,0,"no",0,0,16.689,254,0,1,0,0,5,"small"
"0",0,1,0,0,2012-02-02 20:59:00,0,0,36,"no",0,0,164.843,3589,1,0,0,0,1197,"big"
"0",1,1,0,1,2012-01-05 18:51:09,0,1,0,"no",0,0,5.834,127,1,0,0,0,5,"small"
"0",0,1,0,1,2012-03-08 22:13:13,0,0,0,"no",0,0,18.215,395,1,1,0,0,2,"small"
"0",0,1,0,0,2012-03-20 20:01:57,0,0,5,"no",0,0,21.68,519,1,0,0,0,8,"small"
"0",0,1,0,0,2012-03-11 22:20:00,0,0,0,"no",0,0,4.25,49,1,0,0,0,0,"small"
"0",1,1,3,1,2012-03-06 21:35:42,0,0,0,"no",0,0,26.596,748,1,1,0,0,0,"small"
"0",0,1,0,0,2012-01-17 19:57:25,0,1,0,"no",0,0,13.453,163,1,0,0,0,4,"small"
"0",0,1,0,0,2012-03-31 17:11:29,0,0,14,"no",0,0,24.005,297,1,0,1,0,18,"small"
"0",0,1,0,0,2012-01-27 09:07:50,0,0,0,"no",0,0,24.255,620,1,0,0,0,1,"small"
"0",0,1,0,0,2012-03-19 03:34:15,0,0,6,"no",0,1,44.882,1151,1,0,0,0,44,"small"
"0",0,1,0,0,2012-03-27 14:58:06,0,0,0,"no",0,0,30.411,732,1,0,0,0,3,"small"
"0",0,1,0,0,2012-01-27 11:05:54,0,0,16,"no",1,0,13.561,305,1,0,0,0,8,"small"
"0",0,1,0,1,2012-02-15 12:51:05,0,0,0,"no",0,0,5.324,129,1,1,0,0,6,"small"
"0",0,1,0,0,2012-03-26 17:42:16,0,0,0,"no",0,0,17.849,407,1,0,0,0,2,"small"
"0",0,1,0,0,2012-03-03 03:58:02,0,0,6,"no",0,0,8.528,276,1,0,0,0,3,"small"
"0",0,1,0,0,2012-03-21 12:10:53,0,0,1,"no",0,0,43.494,929,1,1,0,0,16,"big"
"0",0,1,0,1,2012-02-05 16:27:58,0,0,0,"no",0,0,5.113,113,1,1,0,0,2,"small"
"0",0,1,0,0,2012-03-04 16:04:30,0,0,0,"no",0,4,9.364,226,1,0,1,0,6,"small"
"0",1,1,0,0,2012-01-09 21:29:09,0,2,0,"no",0,0,0.459,21,0,0,0,0,0,"none"
"0",0,1,0,1,2012-02-09 11:02:06,0,0,0,"no",0,0,21.762,560,1,1,0,0,0,"small"
"0",0,1,1,0,2012-03-14 16:02:52,0,0,0,"no",0,0,0.982,31,0,1,0,0,0,"small"
"0",0,1,3,1,2012-03-09 17:03:36,0,0,0,"no",0,0,5.773,168,1,1,0,0,6,"small"
"0",0,1,0,0,2012-01-18 11:03:54,0,0,14,"no",1,0,13.684,305,1,0,0,0,10,"small"
"0",0,1,2,1,2012-03-14 09:53:52,0,0,0,"no",0,0,1.575,41,1,1,0,0,2,"small"
"0",0,1,0,0,2012-03-06 09:13:37,0,0,0,"no",0,0,4.791,117,1,0,0,0,0,"small"
"0",0,1,0,0,2012-01-24 14:17:34,0,0,4,"no",1,0,7.908,190,1,0,0,0,5,"small"
"0",1,1,0,0,2012-01-10 10:10:48,0,0,0,"no",0,0,3.983,47,0,0,0,0,0,"small"
"0",0,1,0,0,2012-03-06 07:00:03,0,0,0,"no",0,0,8.625,184,1,0,0,0,1,"small"
"0",0,1,0,0,2012-01-15 20:41:24,0,0,1,"no",0,8,22.554,463,1,0,0,0,21,"big"
"0",0,1,0,0,2012-03-22 22:54:34,0,0,0,"no",0,0,2.096,18,1,0,0,0,0,"small"
"0",0,1,0,0,2012-01-21 18:59:01,0,0,0,"no",0,0,24.419,617,1,0,0,0,2,"small"
"0",0,1,0,1,2012-01-06 16:40:12,0,0,0,"no",0,0,0.122,7,0,1,0,0,0,"small"
"0",0,1,1,1,2012-01-17 00:13:42,0,0,2,"no",0,0,30.295,764,1,1,0,0,7,"small"
"0",0,1,0,0,2012-02-10 20:20:03,0,0,0,"no",0,0,0.79,17,0,0,0,0,0,"none"
"0",1,1,0,0,2012-02-01 17:15:50,0,0,0,"no",0,0,11.639,240,1,0,0,0,5,"small"
"0",0,1,3,1,2012-03-29 09:55:13,0,0,0,"no",0,0,5.374,161,1,1,0,0,2,"small"
"0",0,1,0,1,2012-03-08 17:29:30,0,0,0,"no",0,0,13.102,306,1,1,0,0,14,"small"
"0",0,1,0,0,2012-02-14 08:43:48,0,0,0,"no",0,2,25.209,725,1,0,0,0,2,"small"
"0",0,1,0,0,2012-01-20 12:13:41,0,0,0,"no",0,0,6.526,119,1,0,0,0,3,"small"
"0",0,1,7,1,2012-01-05 09:25:33,0,0,0,"no",0,0,9.871,340,1,0,0,0,11,"big"
"0",0,1,0,0,2012-03-03 17:40:27,0,0,0,"no",0,0,0.343,16,0,0,0,0,2,"none"
"0",0,1,0,0,2012-03-15 05:50:20,0,0,0,"no",0,0,0.884,17,1,0,0,0,0,"small"
"0",0,1,0,0,2012-02-09 15:43:57,0,0,5,"no",0,0,41.789,459,1,0,0,0,4,"small"
"0",0,1,0,1,2012-03-26 11:24:54,0,0,4,"no",0,0,46.072,1376,1,0,0,0,13,"big"
"0",0,1,1,1,2012-02-22 23:11:40,0,0,2,"no",0,0,30.984,723,1,1,0,0,2,"big"
"0",0,1,0,0,2012-02-20 01:05:24,0,0,0,"no",0,0,24.751,630,1,0,0,0,2,"small"
"0",1,1,0,0,2012-01-11 12:38:37,0,0,0,"no",0,0,7.491,106,0,0,0,0,0,"small"
"0",0,1,0,1,2012-03-27 09:44:09,0,0,0,"no",0,0,1.987,72,0,1,0,0,4,"small"
"0",1,1,1,1,2012-01-01 13:45:21,1,1,0,"no",0,0,7.421,237,1,0,0,0,18,"small"
"0",0,1,0,0,2012-03-28 23:53:19,0,0,0,"no",0,0,0.82,28,0,1,0,0,0,"small"
"0",0,1,2,1,2012-02-17 11:03:28,0,0,0,"no",0,0,23.466,552,1,1,0,0,12,"big"
"0",0,1,0,0,2012-03-08 11:03:57,0,0,22,"no",1,0,28.187,525,1,0,0,0,30,"small"
"0",0,1,0,0,2012-02-11 11:01:25,0,0,20,"no",1,0,17.677,380,1,0,0,0,10,"small"
"0",0,1,0,0,2012-03-29 08:28:29,0,0,0,"no",0,0,2.424,44,1,0,0,0,2,"none"
"0",0,1,0,0,2012-02-10 07:37:19,0,0,0,"no",0,0,26.038,651,1,0,0,0,1,"small"
"0",0,1,0,0,2012-01-26 13:27:00,0,0,4,"no",0,0,7.491,270,1,0,0,0,8,"small"
"0",0,1,0,0,2012-02-02 20:00:27,0,0,0,"no",0,0,27.331,490,1,0,0,0,29,"small"
"0",0,1,0,0,2012-03-28 10:07:15,0,0,10,"no",1,0,13.214,287,1,0,0,0,8,"small"
"0",0,1,0,0,2012-02-08 09:03:21,0,0,0,"no",0,0,2.247,50,1,0,0,0,0,"none"
"0",1,1,2,0,2012-02-20 08:33:49,1,1,0,"no",0,0,29.007,926,1,1,0,0,33,"big"
"0",0,1,0,0,2012-03-01 11:48:35,0,0,0,"no",0,0,2.15,46,1,0,0,0,0,"small"
"0",0,1,0,1,2012-02-21 15:53:18,0,0,0,"no",0,4,6.89,129,1,1,0,0,6,"big"
"0",0,1,0,1,2012-03-08 15:34:15,0,0,12,"no",1,0,94.31,2265,1,0,0,0,0,"small"
"0",0,1,0,1,2012-03-25 18:39:53,0,0,0,"no",0,0,3.165,90,1,1,0,0,2,"small"
"0",0,1,0,0,2012-02-12 09:13:16,0,0,0,"no",0,0,8.577,119,1,0,0,0,1,"small"
"0",1,1,0,0,2012-03-26 15:34:03,0,0,0,"no",0,1,27.01,360,0,0,0,0,0,"small"
"0",0,1,0,0,2012-03-13 06:11:01,0,0,0,"no",0,0,26.704,664,1,0,0,0,1,"small"
"0",1,1,3,0,2012-03-02 17:34:27,0,2,0,"no",0,0,14.887,373,1,0,0,0,14,"big"
"0",0,1,0,0,2012-02-29 15:19:00,0,0,0,"no",0,0,7.979,174,1,0,1,0,8,"small"
"0",1,1,33,0,2012-03-22 20:47:51,0,0,0,"no",0,0,1.587,46,1,0,0,0,1,"small"
"0",0,1,0,0,2012-03-20 20:35:50,0,0,0,"no",0,0,8.13,138,1,0,0,0,1,"small"
"0",1,1,0,1,2012-03-02 14:46:16,0,0,0,"no",0,0,31.861,425,0,0,0,0,0,"small"
"0",0,1,0,1,2012-03-09 07:06:24,0,0,0,"no",0,0,0.369,10,1,0,0,0,0,"small"
"0",0,1,0,1,2012-02-13 10:15:39,1,1,0,"no",0,0,0.601,16,1,0,0,0,0,"small"
"0",0,1,0,0,2012-03-13 07:00:05,0,0,0,"no",0,0,4.618,107,1,0,0,0,1,"big"
"0",0,1,0,0,2012-03-12 18:46:32,0,0,0,"no",0,0,2.281,52,0,1,0,0,1,"small"
"0",1,1,0,0,2012-03-01 13:36:16,0,0,0,"no",0,0,1.486,27,0,0,0,0,2,"none"
"0",0,1,1,1,2012-03-14 11:07:20,0,0,0,"no",0,0,2.973,89,0,1,0,0,1,"small"
"0",0,1,0,0,2012-03-14 10:10:22,0,0,16,"no",1,0,21.949,420,1,0,0,0,22,"small"
"0",0,1,1,0,2012-02-24 11:23:53,0,0,0,"no",0,0,24.606,611,1,1,0,0,13,"small"
"0",1,1,1,0,2012-03-12 14:45:07,0,0,0,"no",0,0,7.049,145,1,0,0,0,1,"small"
"0",1,1,0,0,2012-03-01 14:44:36,0,0,1,"no",0,0,6.536,75,0,0,0,0,1,"small"
"0",0,1,0,0,2012-03-23 07:04:17,0,0,0,"no",0,0,11.444,108,1,0,0,0,1,"small"
"0",0,1,0,0,2012-03-04 16:55:19,0,0,23,"no",0,0,16.734,570,1,0,0,0,3,"small"
"0",0,1,0,0,2012-03-18 16:23:16,0,0,0,"no",0,0,0.892,16,0,0,0,0,1,"small"
"0",1,1,1,0,2012-02-17 09:33:10,0,0,0,"no",0,0,1.019,31,0,1,0,0,0,"small"
"0",0,1,0,0,2012-01-18 01:02:57,0,0,4,"no",0,0,4.446,87,0,0,0,0,1,"small"
"0",0,1,0,1,2012-01-13 11:24:47,0,0,0,"no",0,0,14.333,335,1,1,0,0,0,"big"
"0",0,1,0,0,2012-02-28 11:06:53,0,0,0,"no",0,0,9.55,196,1,1,0,0,2,"small"
"0",0,1,0,1,2012-02-10 14:43:24,0,0,0,"no",0,0,2.286,60,1,1,0,0,4,"small"
"0",0,1,0,0,2012-03-28 23:12:17,0,0,0,"no",0,0,0.651,17,0,0,0,0,0,"small"
"0",0,1,0,0,2012-03-10 12:43:01,0,0,4,"no",0,0,10.858,173,1,0,1,0,14,"small"
"0",0,1,1,1,2012-01-05 17:19:25,0,0,0,"no",0,0,4.823,135,1,1,0,0,0,"small"
"0",0,1,0,0,2012-01-10 06:17:53,0,0,0,"no",0,0,15.867,253,1,0,0,0,1,"small"
"0",0,1,0,1,2012-03-22 14:40:09,0,0,0,"no",0,0,2.007,38,1,0,0,0,0,"small"
"0",0,1,0,0,2012-03-10 13:41:50,0,0,0,"no",0,0,4.887,112,1,0,0,0,1,"big"
"0",0,1,0,0,2012-02-16 13:21:44,0,0,0,"no",0,0,26.904,665,1,0,0,0,1,"small"
"0",0,1,0,0,2012-02-12 01:50:11,0,0,0,"no",0,0,24.835,630,1,0,0,0,1,"small"
"0",0,1,0,1,2012-02-14 21:10:24,0,0,0,"no",0,0,0.299,4,1,0,0,0,0,"none"
"0",0,1,0,0,2012-03-30 13:59:41,0,0,0,"no",0,0,8.794,151,1,0,1,0,8,"small"
"0",1,1,2,0,2012-02-15 21:45:54,0,0,0,"no",0,0,23.05,537,1,1,0,0,8,"small"
"0",0,1,0,0,2012-03-28 17:53:55,0,0,0,"no",0,0,1,16,0,0,0,0,1,"small"
"0",0,1,0,0,2012-01-08 21:02:43,0,0,0,"no",0,0,9.27,151,1,0,0,0,1,"small"
"0",0,1,0,0,2012-03-24 13:00:45,0,0,16,"no",1,0,22.077,423,1,0,0,0,22,"small"
"0",0,1,0,0,2012-03-16 21:08:53,0,0,0,"no",0,0,0.812,17,0,0,0,0,0,"small"
"0",0,1,0,1,2012-02-21 17:15:50,0,0,0,"no",0,0,5.727,139,1,1,0,0,0,"small"
"0",0,1,0,0,2012-03-14 06:16:51,0,0,0,"no",0,0,0.867,17,0,0,0,0,0,"big"
"0",0,1,0,0,2012-03-15 14:14:21,0,0,0,"no",0,0,25.981,649,1,0,0,0,1,"small"
"0",0,1,0,0,2012-01-03 16:48:40,0,0,0,"no",0,0,2.938,81,1,1,0,0,4,"small"
"0",0,1,0,1,2012-02-13 22:33:09,0,0,0,"no",0,0,1.028,22,1,0,0,0,0,"none"
"0",1,1,0,0,2012-03-29 17:34:39,0,0,0,"no",0,0,1.544,28,0,0,1,0,3,"none"
"0",0,1,0,1,2012-03-21 00:26:07,0,0,0,"no",0,0,1.376,34,1,0,1,0,0,"small"
"0",0,1,2,0,2012-03-12 18:31:34,0,0,4,"no",0,0,8.466,216,0,1,0,0,0,"small"
"0",0,1,0,0,2012-01-14 04:59:00,0,0,0,"no",0,0,9.313,156,1,0,0,0,1,"small"
"0",0,1,0,0,2012-03-16 00:58:22,0,0,0,"no",0,0,13.086,344,1,0,1,0,0,"small"
"0",0,1,0,1,2012-03-14 16:12:43,0,0,8,"no",0,0,10.62,281,1,1,0,0,6,"small"
"1",0,1,4,0,2012-01-02 02:25:29,0,2,0,"no",0,0,0.537,22,0,0,0,0,3,"small"
"1",0,1,0,0,2012-01-01 13:51:21,0,0,0,"no",0,0,20.133,364,1,0,0,0,8,"small"
"1",0,1,0,0,2012-01-01 14:21:55,0,0,0,"no",0,0,3.796,71,1,0,0,0,4,"small"
"1",0,1,0,0,2012-01-01 21:16:08,0,0,0,"no",0,0,2.705,35,1,0,0,0,0,"none"
"1",0,1,0,0,2012-01-02 22:54:37,0,0,0,"no",0,0,4.174,2,0,0,0,0,0,"none"
"1",0,1,0,0,2012-01-03 00:28:28,0,0,0,"no",0,0,1.162,2,0,0,0,0,0,"none"
"1",0,1,0,0,2012-01-03 01:20:31,0,0,1,"no",1,0,2.024,41,0,0,0,0,0,"small"
"1",0,1,0,0,2012-01-03 08:17:27,0,0,0,"no",0,0,62.854,1190,1,0,0,0,12,"big"
"1",1,1,0,0,2012-01-03 14:33:27,0,0,0,"no",0,0,0.443,13,0,0,0,0,0,"small"
"1",0,1,0,0,2012-01-03 13:15:38,0,0,0,"no",0,0,20.121,364,1,0,0,0,8,"small"
"1",0,1,4,0,2012-01-04 10:36:23,0,2,0,"no",0,0,0.631,28,0,0,0,0,2,"none"
"1",0,1,0,0,2012-01-04 00:29:51,0,0,0,"no",0,0,5.108,91,1,0,0,0,1,"small"
"1",0,1,0,0,2012-01-04 13:55:45,0,0,1,"yes",0,0,0.963,37,0,1,0,0,0,"none"
"1",0,1,0,0,2012-01-04 14:38:29,0,0,2,"no",0,0,2.182,46,0,0,1,0,0,"small"
"1",0,1,0,0,2012-01-04 18:19:35,0,0,0,"yes",0,0,33.809,549,1,0,0,0,28,"small"
"1",0,0,0,0,2012-01-04 18:19:35,0,0,0,"no",0,0,3.543,21,1,0,0,0,1,"small"
"1",0,1,0,0,2012-01-05 18:12:55,0,2,0,"no",0,0,0.424,22,0,0,0,0,0,"none"
"1",0,1,0,0,2012-01-05 01:13:19,0,0,0,"no",0,0,0.275,15,0,0,1,0,0,"none"
"1",0,1,0,0,2012-01-05 07:20:53,0,0,2,"no",0,0,0.597,9,1,0,1,0,4,"small"
"1",0,1,0,0,2012-01-06 17:55:30,0,0,1,"no",0,0,0.468,17,0,0,0,0,0,"big"
"1",0,1,0,0,2012-01-16 05:54:49,0,0,0,"no",0,0,0.466,13,1,0,0,0,0,"none"
"1",0,1,0,0,2012-01-06 13:34:31,0,0,0,"no",0,0,1.822,48,0,0,0,0,0,"small"
"1",0,1,0,0,2012-01-06 13:34:31,0,0,0,"no",0,0,0.001,1,0,0,0,0,0,"none"
"1",0,1,0,0,2012-01-07 06:55:55,0,0,0,"no",0,0,4.162,2,0,0,0,0,0,"none"
"1",0,1,4,0,2012-01-07 11:11:49,0,2,0,"no",0,0,0.56,24,0,0,0,0,1,"none"
"1",0,1,0,0,2012-01-17 09:56:28,0,0,0,"no",0,0,0.652,11,1,0,0,0,1,"small"
"1",0,1,0,0,2012-01-06 22:47:38,0,0,1,"no",0,0,1.046,26,1,0,0,0,1,"small"
"1",0,1,0,0,2012-01-07 19:53:50,0,0,0,"yes",0,0,1.35,49,0,0,1,0,0,"small"
"1",0,1,0,0,2012-01-07 21:10:29,0,0,0,"yes",0,0,1.35,49,0,1,1,0,0,"small"
"1",0,1,0,0,2012-01-08 16:02:27,0,1,0,"no",0,0,0.117,7,0,0,0,0,0,"none"
"1",0,1,0,0,2012-01-08 12:35:46,0,0,0,"no",0,0,2.687,35,1,0,0,0,0,"none"
"1",0,1,0,0,2012-01-13 06:01:13,0,0,0,"no",0,0,7.429,98,1,0,0,0,0,"none"
"1",0,1,0,0,2012-01-15 13:22:35,0,0,0,"no",0,0,0.769,19,1,0,0,0,2,"small"
"1",0,1,0,0,2012-01-16 08:52:14,0,0,0,"no",0,0,41.426,708,1,0,0,0,2,"big"
"1",0,1,0,0,2012-01-16 18:34:21,0,2,0,"no",0,0,0.558,23,0,0,0,0,1,"none"
"1",0,1,0,0,2012-01-28 02:14:59,0,0,0,"no",0,0,0.74,17,1,0,0,0,1,"small"
"1",0,1,0,0,2012-01-28 01:19:15,0,0,0,"no",0,0,1.032,15,1,1,0,0,1,"small"
"1",0,1,0,0,2012-01-16 16:48:26,0,0,0,"no",0,0,0.053,3,0,0,0,0,0,"none"
"1",0,1,0,0,2012-01-17 16:43:09,0,0,0,"no",0,0,2.479,65,0,0,0,0,0,"none"
"1",0,1,0,0,2012-01-17 19:37:56,0,0,0,"no",0,0,43.476,751,1,0,0,0,2,"big"
"1",0,1,4,0,2012-01-18 11:12:58,0,2,0,"no",0,0,0.537,22,0,0,0,0,3,"small"
"1",0,1,0,0,2012-01-29 07:40:52,0,0,0,"no",0,0,0.29,10,0,0,0,0,0,"none"
"1",0,1,4,0,2012-01-18 20:42:10,0,2,0,"no",0,0,0.436,22,0,0,0,0,1,"none"
"1",0,1,0,0,2012-01-17 20:26:38,0,0,0,"no",0,0,6.115,147,1,0,0,0,5,"none"
"1",0,1,0,0,2012-01-18 17:41:07,0,0,0,"no",0,0,4.909,105,1,0,0,0,0,"small"
"1",0,1,0,0,2012-01-19 14:24:39,0,0,4,"no",0,0,6.415,113,1,0,0,0,0,"small"
"1",0,1,0,0,2012-01-19 19:43:14,0,0,2,"yes",0,0,0.622,24,0,0,0,0,0,"none"
"1",1,1,0,0,2012-01-19 14:45:42,0,0,0,"no",0,0,0.553,21,1,0,1,0,2,"none"
"1",0,1,3,0,2012-01-20 17:26:20,0,2,0,"no",0,0,0.631,28,0,0,1,0,2,"none"
"1",0,1,0,0,2012-01-20 03:24:30,0,2,0,"no",0,0,0.459,21,0,0,0,0,0,"none"
"1",0,1,0,0,2012-01-20 10:45:56,0,0,0,"no",0,0,5.755,119,1,0,0,0,1,"small"
"1",0,1,0,0,2012-01-20 16:25:01,0,0,1,"yes",0,0,8.886,189,1,0,1,0,9,"small"
"1",0,1,0,0,2012-01-20 23:53:25,0,0,1,"no",1,0,1.868,34,0,0,0,0,0,"none"
"1",0,1,0,0,2012-01-21 11:09:25,0,0,1,"no",0,0,0.516,18,0,0,0,0,0,"big"
"1",0,1,0,0,2012-01-21 11:14:58,0,0,1,"no",0,0,0.516,18,0,0,0,0,0,"big"
"1",0,1,0,0,2012-01-21 22:59:34,0,0,0,"no",0,0,0.257,6,0,0,0,0,0,"big"
"1",0,1,0,0,2012-01-22 09:45:49,0,0,0,"no",0,0,0.767,18,1,0,0,0,2,"small"
"1",0,1,0,0,2012-01-21 16:55:55,0,0,0,"yes",0,0,0.242,16,0,0,0,0,0,"none"
"1",1,1,0,0,2012-01-23 10:09:08,0,2,0,"no",0,0,0.424,22,0,0,0,0,0,"none"
"1",0,1,0,0,2012-01-23 13:08:51,0,0,0,"no",0,0,6.132,138,1,0,0,0,7,"small"
"1",0,1,0,0,2012-01-23 21:41:29,0,0,0,"no",0,0,23.19,389,0,0,0,0,0,"small"
"1",0,1,0,0,2012-01-24 14:33:59,0,0,0,"no",0,0,0.356,5,1,0,0,0,0,"small"
"1",0,1,0,0,2012-01-24 11:15:56,0,0,3,"yes",0,0,42.793,712,1,0,0,0,2,"big"
"1",0,1,0,0,2012-01-24 17:45:40,0,0,1,"no",0,0,0.554,12,0,0,0,0,0,"small"
"1",0,1,0,0,2012-01-24 17:38:40,0,0,0,"no",0,0,1.123,32,0,0,0,0,0,"big"
"1",0,1,0,0,2012-01-25 02:42:43,0,0,3,"no",0,0,5.328,93,1,1,0,1,1,"small"
"1",0,1,0,0,2012-01-25 09:25:25,0,0,4,"no",0,0,10.002,298,1,0,0,0,1,"none"
"1",0,1,0,0,2012-01-25 10:19:13,0,0,19,"no",0,0,62.494,1190,1,0,0,0,12,"big"
"1",0,1,0,0,2012-01-25 10:19:13,0,0,0,"no",0,0,2.377,44,1,0,0,0,1,"none"
"1",0,1,0,0,2012-01-25 11:17:54,0,2,0,"no",0,0,0.341,18,0,0,0,0,0,"none"
"1",0,1,0,0,2012-01-26 05:06:55,0,2,0,"no",0,0,0.558,23,0,0,0,0,1,"none"
"1",0,1,0,0,2012-01-25 16:44:55,0,0,0,"no",0,0,1.815,32,1,0,0,0,0,"small"
"1",0,1,0,0,2012-01-25 17:59:01,0,0,1,"yes",0,0,8.881,189,1,0,1,0,9,"small"
"1",0,1,0,0,2012-01-25 23:23:47,0,0,2,"no",1,0,4.079,73,1,0,0,0,1,"small"
"1",0,0,0,0,2012-01-25 16:20:36,0,0,2,"no",0,0,1.296,37,0,0,0,0,0,"big"
"1",0,0,0,0,2012-01-25 16:23:05,0,0,2,"no",0,0,1.296,37,0,0,0,0,0,"big"
"1",0,1,0,0,2012-01-25 19:27:14,0,2,0,"no",0,0,0.459,21,0,0,0,0,0,"none"
"1",0,1,0,0,2012-01-26 06:03:32,0,0,2,"no",0,0,1.112,31,0,0,0,0,0,"big"
"1",0,1,0,0,2012-01-26 01:45:14,0,0,0,"no",0,0,1.581,40,1,0,0,0,0,"small"
"1",0,1,0,0,2012-01-25 13:53:13,0,0,0,"no",0,0,19.317,436,1,0,0,0,43,"small"
"1",0,1,0,0,2012-01-26 06:30:24,0,0,0,"no",0,0,3.451,46,1,0,0,0,1,"none"
"1",0,1,0,0,2012-01-26 13:25:22,0,0,1,"no",0,0,0.357,14,0,0,0,0,0,"big"
"1",0,1,0,0,2012-01-26 22:36:41,0,0,36,"yes",0,0,173.956,3729,1,0,0,0,1209,"big"
"1",0,1,3,0,2012-01-27 20:17:18,0,2,0,"no",0,0,0.537,22,0,0,0,0,3,"small"
"1",0,1,0,0,2012-01-27 11:43:58,0,0,1,"no",0,0,0.46,18,0,0,0,0,0,"big"
"1",0,1,0,0,2012-01-27 12:23:49,0,0,0,"no",0,0,3.425,46,1,0,0,0,1,"none"
"1",0,1,0,0,2012-01-31 14:11:14,0,0,7,"no",0,0,2.561,15,0,0,1,0,1,"small"
"1",0,1,0,0,2012-01-31 11:19:30,0,0,2,"no",0,0,0.988,20,0,0,0,0,0,"small"
"1",0,1,0,0,2012-01-31 14:49:56,0,0,0,"no",0,0,0.393,13,0,0,0,0,0,"small"
"1",0,1,0,0,2012-01-31 17:56:36,0,0,1,"no",0,0,0.262,11,0,0,0,0,0,"big"
"1",0,1,0,0,2012-01-31 17:57:36,0,0,1,"no",0,0,0.262,11,0,0,0,0,0,"big"
"1",0,1,0,0,2012-01-31 09:58:56,0,0,0,"no",1,0,0.354,3,1,0,0,0,0,"none"
"1",0,1,0,0,2012-02-01 00:06:37,0,0,0,"no",0,0,0.881,24,0,0,1,0,0,"none"
"1",0,1,0,0,2012-01-31 10:13:56,0,0,0,"no",0,0,0.537,18,0,0,0,0,0,"small"
"1",0,1,0,0,2012-02-04 09:12:04,0,0,0,"no",0,0,1.092,15,1,1,0,0,2,"small"
"1",0,1,0,0,2012-02-02 14:23:10,0,0,0,"no",0,0,0.458,12,1,0,0,0,0,"none"
"1",0,1,0,0,2012-02-10 21:05:18,0,0,0,"no",0,0,0.859,15,1,0,0,0,1,"small"
"1",0,1,0,0,2012-02-11 02:12:57,0,0,0,"no",0,0,0.645,10,1,0,0,0,2,"small"
"1",0,1,0,0,2012-02-01 06:16:24,0,0,0,"no",0,0,3.548,48,1,0,0,0,1,"none"
"1",0,1,0,0,2012-02-02 15:26:14,0,0,7,"no",0,0,2.561,45,0,0,0,0,1,"small"
"1",0,1,0,0,2012-02-02 21:47:01,1,1,1,"no",0,0,2.884,79,1,0,0,0,4,"big"
"1",0,1,0,0,2012-02-03 03:37:09,0,0,0,"no",0,0,3.842,2,0,0,0,0,0,"none"
"1",0,1,0,0,2012-02-02 19:02:30,0,0,0,"no",0,0,3.449,46,1,0,0,0,1,"none"
"1",0,1,0,0,2012-02-03 05:10:21,0,0,0,"no",0,0,13.021,216,1,0,0,0,0,"small"
"1",0,1,0,0,2012-02-03 13:38:16,0,0,0,"no",0,0,0.562,9,1,0,0,0,0,"small"
"1",0,1,0,0,2012-01-26 23:40:47,0,0,0,"no",0,0,2.152,39,0,0,0,0,0,"small"
"1",0,1,0,0,2012-02-14 03:05:52,0,0,0,"no",0,0,0.727,17,1,0,0,0,1,"small"
"1",0,1,0,0,2012-02-12 18:58:10,0,0,0,"no",0,0,0.691,17,1,0,0,0,1,"small"
"1",0,1,0,0,2012-02-12 17:42:20,0,0,0,"no",0,0,0.865,15,1,0,0,0,1,"small"
"1",0,1,0,0,2012-02-03 04:24:09,0,0,5,"no",0,0,1.072,32,0,0,0,0,0,"big"
"1",0,1,0,0,2012-02-04 06:11:38,0,0,0,"no",0,0,2.545,35,1,0,0,0,0,"none"
"1",0,1,0,0,2012-02-04 12:11:34,0,0,0,"no",0,0,0.556,9,1,0,0,0,0,"small"
"1",0,1,0,0,2012-02-04 17:29:15,0,0,0,"no",0,0,0.991,30,1,0,0,0,1,"small"
"1",0,1,0,0,2012-02-04 10:54:23,0,2,0,"no",0,0,0.459,21,0,0,0,0,0,"none"
"1",0,1,0,0,2012-02-05 08:47:50,0,0,0,"no",0,0,0.499,13,0,0,0,0,0,"none"
"1",0,1,0,0,2012-02-05 16:06:51,0,0,0,"no",0,0,2.629,106,1,0,0,0,0,"small"
"1",0,1,0,0,2012-02-05 12:28:47,0,0,0,"no",0,0,0.383,10,1,0,1,0,0,"none"
"1",0,1,0,0,2012-02-14 19:56:04,0,0,0,"no",0,0,0.685,15,1,0,0,0,1,"small"
"1",0,1,0,0,2012-02-07 01:55:08,0,0,0,"no",0,0,2.311,59,1,0,0,0,1,"small"
"1",0,1,0,0,2012-02-06 20:15:12,0,0,2,"no",0,0,3.261,50,1,0,0,0,0,"small"
"1",0,1,0,0,2012-02-07 21:25:12,0,0,3,"no",0,0,1.404,11,0,0,0,0,0,"big"
"1",0,1,0,0,2012-02-18 06:01:47,0,0,0,"no",0,0,0.496,13,1,0,0,0,0,"none"
"1",0,1,0,0,2012-02-07 18:01:13,0,0,2,"no",0,0,1.063,30,0,0,0,0,0,"big"
"1",0,1,0,0,2012-02-08 08:55:14,0,0,0,"no",0,0,1.307,32,1,0,0,0,0,"small"
"1",0,1,0,0,2012-02-08 03:00:05,0,2,0,"no",0,0,0.459,21,0,0,0,0,0,"none"
"1",1,1,0,0,2012-02-08 21:22:46,0,2,2,"no",0,0,0.451,24,0,0,0,0,2,"small"
"1",0,1,0,0,2012-02-08 05:45:38,0,0,0,"no",0,0,0.667,17,0,0,0,0,0,"small"
"1",0,1,0,0,2012-02-09 06:25:36,0,0,5,"no",0,0,1.178,33,0,0,0,0,0,"small"
"1",0,1,23,0,2012-02-08 23:31:40,0,0,0,"no",0,0,0.041,4,0,0,0,0,0,"none"
"1",0,1,0,0,2012-02-08 14:51:21,0,0,0,"no",0,0,16.65,519,1,0,0,0,6,"small"
"1",0,1,0,0,2012-02-07 23:50:43,0,0,0,"no",0,0,1.734,41,1,0,0,0,0,"none"
"1",0,1,0,0,2012-02-09 04:32:51,0,0,0,"no",0,0,0.696,20,0,0,0,0,1,"small"
"1",0,1,0,0,2012-02-08 12:01:51,0,0,0,"yes",0,1,3.208,48,0,0,0,0,2,"big"
"1",0,1,0,0,2012-02-09 11:23:05,0,0,0,"no",0,0,4.382,86,1,0,0,0,6,"small"
"1",0,1,0,0,2012-02-09 22:33:45,0,0,0,"no",0,0,0.677,17,0,0,0,0,0,"small"
"1",0,1,0,0,2012-02-09 14:32:15,0,0,0,"no",0,0,1.441,14,0,0,0,0,0,"none"
"1",0,1,0,0,2012-02-09 18:37:59,0,0,2,"no",0,0,3.281,65,0,0,0,0,0,"small"
"1",0,1,0,0,2012-02-10 03:16:59,0,0,0,"no",0,0,3.126,2,0,0,0,0,0,"none"
"1",1,1,0,0,2012-02-10 05:08:31,0,2,0,"no",0,0,0.424,22,0,0,0,0,0,"none"
"1",0,1,0,0,2012-02-10 05:12:17,0,0,0,"no",0,0,1.278,2,0,0,0,0,0,"none"
"1",0,1,0,0,2012-02-10 03:54:41,0,0,0,"no",0,0,0.698,20,0,0,0,0,1,"small"
"1",0,1,19,0,2012-02-10 07:53:18,0,0,0,"no",0,0,0.053,4,0,0,0,0,0,"none"
"1",0,1,0,0,2012-02-09 03:16:17,0,0,2,"no",0,0,0.9,23,0,0,0,0,0,"small"
"1",0,1,0,0,2012-02-10 12:28:32,0,0,0,"no",0,0,0.327,14,0,0,0,0,1,"small"
"1",0,1,0,0,2012-02-10 11:07:02,0,0,0,"no",0,0,1.86,45,1,0,0,0,1,"big"
"1",0,1,0,0,2012-02-10 16:10:56,0,0,0,"no",0,0,2.598,35,1,0,0,0,0,"none"
"1",0,1,0,0,2012-02-10 19:59:49,0,2,0,"no",0,0,0.341,18,0,0,0,0,0,"none"
"1",0,1,0,0,2012-02-11 05:06:14,0,0,0,"no",0,0,1.91,68,1,0,0,0,0,"small"
"1",0,1,0,0,2012-02-11 17:15:24,0,0,0,"no",1,0,1.641,26,1,0,1,0,2,"none"
"1",0,1,0,0,2012-02-11 22:28:12,0,0,0,"no",0,0,1.84,67,1,0,0,0,0,"small"
"1",0,1,0,0,2012-02-12 03:55:17,0,0,0,"no",0,0,0.576,17,0,0,0,0,0,"small"
"1",0,1,0,0,2012-02-12 03:52:44,0,0,0,"no",0,0,0.576,17,0,0,0,0,0,"small"
"1",1,1,0,0,2012-02-13 03:18:05,0,2,0,"no",0,0,0.558,23,0,0,0,0,1,"none"
"1",0,1,0,0,2012-02-13 03:18:05,0,0,0,"no",0,0,13.435,200,0,0,0,0,0,"big"
"1",0,1,0,0,2012-02-13 15:47:30,0,0,2,"no",0,0,0.998,19,0,0,0,0,0,"small"
"1",0,1,0,0,2012-02-13 07:15:00,0,0,0,"no",0,0,0.574,18,1,0,0,1,0,"none"
"1",0,1,0,0,2012-02-13 11:16:44,0,0,0,"no",0,0,0.679,30,0,0,0,0,0,"small"
"1",0,1,0,0,2012-02-13 22:10:42,0,0,2,"no",0,0,1.226,31,0,0,0,0,0,"small"
"1",0,1,0,0,2012-02-14 05:05:27,0,0,2,"no",0,0,0.476,16,0,0,0,0,0,"small"
"1",0,1,0,0,2012-02-14 06:01:06,0,0,0,"no",0,0,5.878,82,1,0,0,0,1,"small"
"1",0,1,0,0,2012-02-14 06:17:18,0,0,2,"no",0,0,0.9,23,0,0,0,0,0,"small"
"1",0,1,0,0,2012-02-15 02:18:08,0,0,0,"no",0,0,0.066,3,0,0,0,0,0,"none"
"1",0,1,0,0,2012-02-14 17:36:10,0,0,0,"no",0,0,0.469,18,0,0,0,0,1,"small"
"1",0,1,0,0,2012-02-14 14:45:19,0,2,0,"no",0,0,0.459,21,0,0,0,0,0,"none"
"1",0,1,0,0,2012-02-15 00:18:09,0,0,7,"no",0,0,2.561,15,0,0,1,0,1,"small"
"1",0,1,0,0,2012-02-15 21:03:12,0,0,2,"no",0,0,0.994,19,0,0,0,0,0,"small"
"1",0,1,0,0,2012-02-15 23:56:28,0,0,0,"no",0,0,0.791,16,0,0,0,0,0,"none"
"1",0,1,0,0,2012-02-15 23:57:09,0,0,0,"no",0,0,0.42,12,0,0,0,0,0,"none"
"1",0,1,0,0,2012-02-16 05:37:25,0,0,0,"no",0,0,1.392,14,0,0,0,0,0,"none"
"1",0,1,0,0,2012-02-16 10:12:03,0,0,2,"no",0,0,0.67,17,0,0,1,0,0,"small"
"1",0,1,0,0,2012-02-17 00:43:34,0,0,0,"no",0,0,3.01,111,1,0,1,0,1,"big"
"1",0,1,0,0,2012-02-17 18:25:43,0,0,0,"no",0,0,1.301,13,0,0,0,0,0,"small"
"1",0,1,0,0,2012-02-17 07:24:54,0,0,0,"no",0,0,1.391,14,0,0,0,0,0,"none"
"1",0,1,0,0,2012-02-17 10:50:20,0,0,0,"no",0,0,1.396,14,0,0,0,0,0,"none"
"1",0,1,0,0,2012-02-17 17:04:23,0,0,0,"no",0,0,1.396,14,0,0,0,0,0,"none"
"1",0,1,0,0,2012-02-17 19:23:00,1,1,0,"no",0,0,0.116,3,1,0,0,0,0,"none"
"1",0,1,0,0,2012-02-18 08:47:41,0,0,0,"no",0,0,1.299,12,0,0,0,0,0,"small"
"1",0,1,0,0,2012-02-17 20:34:09,0,0,0,"no",0,0,1.396,14,0,0,0,0,0,"none"
"1",0,1,0,0,2012-02-18 06:30:39,0,0,0,"no",0,0,1.954,50,0,0,0,0,6,"none"
"1",0,1,0,0,2012-02-18 11:35:52,0,0,0,"no",0,0,0.833,28,1,0,0,0,0,"small"
"1",0,1,0,0,2012-02-18 11:35:52,0,0,0,"no",0,0,4.705,3,1,0,0,0,1,"small"
"1",0,1,12,0,2012-02-18 19:00:33,0,0,2,"no",0,0,2.09,39,0,0,1,0,0,"big"
"1",0,1,0,0,2012-02-18 17:20:41,0,0,0,"no",0,0,13.698,198,0,0,0,0,0,"none"
"1",0,1,0,0,2012-02-19 16:27:11,0,0,4,"no",9,0,11.742,176,1,0,1,0,0,"small"
"1",1,1,0,0,2012-02-19 22:28:18,0,2,0,"no",0,0,0.537,22,0,0,0,0,3,"small"
"1",0,1,0,0,2012-02-18 13:03:11,0,0,0,"no",0,0,0.814,20,0,0,0,0,0,"none"
"1",0,1,0,0,2012-02-19 14:15:38,0,0,0,"no",0,0,0.394,9,0,0,0,0,0,"small"
"1",0,1,0,0,2012-02-20 08:27:44,0,0,0,"no",0,0,0.238,13,0,0,0,0,0,"big"
"1",0,1,0,0,2012-02-20 06:21:28,0,0,5,"no",0,0,3.215,82,1,0,0,0,0,"big"
"1",0,1,0,0,2012-02-20 20:10:43,0,0,0,"no",0,0,14.124,206,0,0,0,0,1,"none"
"1",0,1,0,0,2012-02-20 23:44:11,0,0,0,"no",0,0,0.702,14,0,0,0,0,0,"none"
"1",0,1,0,0,2012-02-21 04:20:18,0,0,0,"no",0,0,1.068,14,0,0,0,0,0,"small"
"1",0,1,0,0,2012-02-21 03:34:56,0,0,3,"yes",0,0,2.246,61,0,0,0,0,0,"big"
"1",0,1,0,0,2012-02-21 14:35:22,0,0,0,"no",0,0,0.586,12,0,0,0,0,0,"small"
"1",0,1,0,0,2012-02-21 17:20:33,0,0,0,"no",0,0,13.201,189,0,0,0,0,0,"none"
"1",0,1,0,0,2012-02-21 19:11:12,0,0,1,"no",0,0,0.526,22,1,0,0,0,0,"small"
"1",0,1,0,0,2012-02-22 21:37:13,0,0,0,"no",0,0,0.461,23,0,0,0,0,0,"small"
"1",1,1,0,0,2012-02-22 09:36:50,0,2,0,"no",0,0,0.341,18,0,0,0,0,0,"none"
"1",0,1,0,0,2012-02-22 17:50:56,0,0,2,"no",0,0,1.379,44,0,0,0,0,0,"small"
"1",0,1,0,0,2012-02-22 18:42:02,0,0,0,"no",0,0,13.962,204,0,0,0,0,1,"none"
"1",0,1,0,0,2012-02-22 18:01:09,0,0,0,"no",0,0,1.729,20,1,0,0,0,4,"none"
"1",0,1,0,0,2012-02-22 23:36:04,0,0,0,"no",0,0,1.151,35,1,0,0,0,1,"small"
"1",1,1,0,0,2012-02-23 14:25:43,0,0,0,"no",0,0,0.72,27,0,0,0,0,0,"none"
"1",0,1,0,0,2012-02-23 20:20:58,0,0,0,"no",0,0,0.609,21,0,0,0,0,1,"small"
"1",0,1,0,0,2012-02-23 12:01:48,0,0,0,"no",0,0,1.355,29,1,0,0,0,1,"small"
"1",0,1,0,0,2012-02-23 18:04:48,0,0,0,"no",0,0,13.595,197,0,0,0,0,0,"none"
"1",0,1,0,0,2012-02-23 22:38:22,0,0,0,"no",0,0,50.146,1057,1,0,0,0,78,"small"
"1",0,1,0,0,2012-02-24 03:10:17,0,0,0,"no",0,0,0.589,12,0,0,0,0,0,"small"
"1",0,1,0,0,2012-02-23 18:50:42,0,0,0,"no",0,0,1.82,67,1,0,0,0,0,"small"
"1",0,1,0,0,2012-02-23 08:45:48,0,0,3,"no",0,0,3.163,59,0,0,0,0,0,"big"
"1",0,1,0,0,2012-02-24 17:37:18,0,0,0,"no",0,0,13.46,192,0,0,0,0,0,"none"
"1",0,1,0,0,2012-02-24 19:06:51,0,0,2,"no",0,0,1.384,30,0,0,0,0,0,"small"
"1",0,1,4,0,2012-02-24 19:43:44,0,2,0,"no",0,0,0.459,21,0,0,0,0,0,"none"
"1",0,1,0,0,2012-02-25 00:49:27,0,0,1,"no",0,0,0.898,26,0,0,0,0,1,"small"
"1",0,1,0,0,2012-02-25 18:22:31,0,0,0,"no",0,0,13.27,190,0,0,0,0,0,"none"
"1",0,1,0,0,2012-02-26 07:40:18,0,0,0,"no",0,0,1.112,35,1,0,0,0,1,"small"
"1",0,1,0,0,2012-02-26 00:37:38,0,0,0,"no",0,0,0.767,18,1,0,0,0,2,"small"
"1",0,1,0,0,2012-02-26 14:01:21,0,0,2,"no",0,0,1.377,43,0,0,0,0,0,"small"
"1",0,1,0,0,2012-02-26 19:09:33,0,0,0,"no",0,0,13.265,190,0,0,0,0,0,"none"
"1",0,1,0,0,2012-02-26 11:39:57,0,0,0,"yes",0,0,0.835,36,0,0,0,0,0,"big"
"1",0,1,0,0,2012-02-27 16:28:20,0,0,8,"no",0,2,14.014,261,1,1,0,0,0,"small"
"1",0,1,0,0,2012-02-27 19:31:51,0,0,0,"no",0,0,13.252,189,0,0,0,0,0,"none"
"1",0,1,0,0,2012-02-27 13:26:53,0,0,4,"no",0,0,19.345,473,1,0,1,0,10,"small"
"1",0,1,0,0,2012-02-27 18:22:49,0,0,26,"no",0,0,128.234,2908,1,0,0,0,939,"small"
"1",0,1,0,0,2012-02-27 18:19:52,0,0,5,"no",0,0,2.62,69,1,0,0,0,1,"small"
"1",0,1,0,0,2012-02-28 05:28:33,0,0,0,"no",0,0,0.11,5,0,0,0,0,1,"none"
"1",0,1,0,0,2012-02-28 05:22:17,0,0,0,"no",0,0,0.171,5,0,0,0,0,0,"none"
"1",0,1,4,0,2012-02-28 05:19:20,0,2,0,"no",0,0,0.341,18,0,0,0,0,0,"none"
"1",0,1,0,0,2012-02-28 09:02:05,0,0,0,"no",0,0,0.172,5,0,0,0,0,0,"none"
"1",0,1,0,0,2012-02-28 21:27:05,0,0,0,"no",0,0,0.586,12,0,0,0,0,0,"small"
"1",0,1,0,0,2012-02-28 19:13:22,0,0,0,"no",0,0,13.34,191,0,0,0,0,1,"none"
"1",0,1,0,0,2012-02-28 17:17:28,0,0,1,"no",0,0,10.602,184,1,0,0,0,2,"big"
"1",0,1,0,0,2012-02-29 15:02:49,0,0,0,"no",0,0,0.721,24,0,0,0,0,0,"small"
"1",0,1,4,0,2012-02-29 02:55:56,0,2,0,"no",0,0,0.459,21,0,0,0,0,0,"none"
"1",0,1,0,0,2012-03-01 00:40:27,0,0,0,"yes",0,0,2.482,69,0,0,0,0,1,"big"
"1",0,1,0,0,2012-02-29 18:36:55,0,0,0,"no",0,0,13.502,193,0,0,0,0,1,"none"
"1",0,1,4,0,2012-03-01 17:50:10,0,2,0,"no",0,0,0.537,22,0,0,0,0,3,"small"
"1",0,1,0,0,2012-03-01 08:49:57,0,0,0,"no",0,0,0.09,7,1,0,0,0,0,"none"
"1",0,1,0,0,2012-03-01 20:35:06,0,0,2,"no",0,1,7.066,158,1,0,0,0,1,"small"
"1",0,1,0,0,2012-03-01 18:16:58,0,0,0,"no",0,0,13.553,198,0,0,0,0,0,"none"
"1",0,1,0,0,2012-03-01 14:17:51,0,0,0,"no",0,0,0.062,3,0,0,0,0,0,"none"
"1",0,1,0,0,2012-03-01 14:17:51,0,0,0,"no",0,0,0.062,3,0,0,0,0,0,"none"
"1",0,1,0,0,2012-03-02 06:12:26,0,0,0,"no",0,0,1.818,55,1,0,0,0,0,"small"
"1",0,1,0,0,2012-03-02 09:00:23,0,0,0,"no",0,0,1.14,33,0,0,0,0,0,"small"
"1",0,1,0,0,2012-03-02 18:54:52,0,0,0,"no",0,0,13.453,195,0,0,0,0,0,"none"
"1",0,1,4,0,2012-03-03 19:54:39,0,2,0,"no",0,0,0.537,22,0,0,0,0,3,"small"
"1",0,1,0,0,2012-03-03 18:50:32,0,0,0,"no",0,0,13.541,198,0,0,0,0,0,"none"
"1",0,1,0,0,2012-03-03 16:44:42,0,0,0,"no",0,0,1.829,11,1,0,0,0,0,"none"
"1",0,1,0,0,2012-03-03 18:14:10,0,0,0,"no",0,0,0.343,16,0,0,0,0,2,"none"
"1",0,1,0,0,2012-02-12 13:29:24,0,0,0,"no",0,0,0.514,11,1,0,0,0,1,"small"
"1",0,1,0,0,2012-02-18 11:03:05,0,0,1,"no",0,0,1.412,28,1,0,0,0,0,"big"
"1",0,1,0,0,2012-03-15 09:30:58,0,0,0,"no",0,0,0.744,15,1,0,0,0,2,"small"
"1",0,1,0,0,2012-03-04 18:11:21,0,0,0,"no",0,0,13.14,188,0,0,0,0,0,"none"
"1",0,1,0,0,2012-03-05 12:34:34,0,0,0,"no",0,0,0.275,8,0,0,1,0,0,"none"
"1",0,1,0,0,2012-03-05 09:16:26,0,0,0,"no",0,0,62.802,1190,1,0,0,0,12,"big"
"1",0,1,0,0,2012-03-05 03:13:19,0,0,0,"no",0,0,23.085,479,1,0,0,0,0,"small"
"1",0,1,0,0,2012-03-05 18:17:52,0,0,0,"no",0,0,13.421,192,0,0,0,0,1,"none"
"1",0,1,0,0,2012-03-05 15:39:35,0,0,0,"no",0,0,22.932,599,1,0,0,0,7,"big"
"1",0,1,0,0,2012-03-06 18:46:48,0,0,0,"no",0,0,13.346,191,0,0,0,0,0,"none"
"1",0,1,0,0,2012-03-10 06:57:10,0,0,0,"no",0,0,0.465,12,1,0,0,0,0,"none"
"1",0,1,0,0,2012-03-18 09:26:41,0,0,0,"no",0,0,0.577,11,1,0,0,0,1,"small"
"1",0,1,0,0,2012-03-18 09:04:13,0,0,0,"no",0,0,0.637,11,1,0,0,0,2,"small"
"1",0,1,0,0,2012-03-06 06:46:20,0,0,0,"no",1,0,0.356,15,0,0,0,0,0,"none"
"1",0,1,0,0,2012-03-07 18:43:56,0,0,0,"no",0,0,14.084,206,0,0,0,0,1,"none"
"1",0,1,0,0,2012-03-08 00:23:28,0,0,2,"no",0,0,1.982,60,0,0,0,0,0,"none"
"1",0,1,0,0,2012-03-08 11:07:58,0,0,0,"no",0,0,0.323,6,0,0,1,0,0,"small"
"1",0,1,0,0,2012-03-08 15:01:58,0,0,0,"no",0,0,7.387,158,1,0,0,0,9,"small"
"1",0,1,0,0,2012-03-08 22:32:54,0,0,0,"no",0,0,0.275,8,0,0,1,0,0,"none"
"1",0,1,0,0,2012-03-08 17:40:44,0,0,0,"no",0,0,14.53,212,0,0,0,0,1,"none"
"1",0,1,0,0,2012-03-09 04:17:48,0,0,0,"no",0,0,0.114,5,1,0,0,0,0,"none"
"1",0,1,0,0,2012-03-09 10:21:33,0,1,0,"no",0,0,6.34,274,1,0,1,0,3,"big"
"1",0,1,0,0,2012-03-09 10:21:33,0,0,0,"no",0,0,0.247,9,1,0,0,0,0,"none"
"1",0,1,0,0,2012-03-09 18:23:45,0,0,0,"no",0,0,13.252,189,0,0,0,0,0,"none"
"1",0,1,0,0,2012-03-09 19:59:50,0,0,0,"no",0,0,0.15,10,0,0,0,0,0,"none"
"1",0,1,0,0,2012-03-10 05:18:09,0,0,0,"no",0,0,0.18,7,0,1,0,0,0,"none"
"1",0,1,0,0,2012-03-10 18:14:04,0,0,0,"no",0,0,14.019,205,0,0,0,0,1,"none"
"1",0,1,0,0,2012-03-21 08:56:44,0,0,0,"no",0,0,0.871,15,1,0,0,0,1,"small"
"1",0,1,0,0,2012-03-21 08:56:44,0,0,0,"no",0,0,2.54,80,1,0,0,0,1,"small"
"1",0,1,0,0,2012-03-10 17:43:58,0,2,0,"no",0,0,0.341,18,0,0,0,0,0,"none"
"1",0,1,0,0,2012-03-20 08:27:51,0,0,0,"no",0,0,0.992,15,1,0,0,0,3,"small"
"1",0,1,0,0,2012-03-11 17:26:04,0,0,0,"no",0,0,13.242,189,0,0,0,0,1,"none"
"1",0,1,0,0,2012-03-12 20:29:35,0,0,0,"no",1,0,4.358,65,1,0,0,0,0,"big"
"1",0,1,0,0,2012-03-12 06:20:31,0,0,0,"no",0,0,3.3,71,1,0,0,0,2,"small"
"1",0,1,0,0,2012-03-12 16:59:18,0,0,0,"no",0,0,13.55,196,0,0,0,0,0,"none"
"1",0,1,0,0,2012-03-24 02:48:17,0,0,0,"no",0,0,0.901,15,1,0,0,0,1,"small"
"1",0,1,0,0,2012-03-13 17:08:08,0,0,0,"no",0,0,13.128,188,0,0,0,0,0,"none"
"1",0,1,4,0,2012-03-13 14:24:16,0,2,0,"no",0,0,0.459,21,0,0,0,0,0,"none"
"1",0,1,4,0,2012-03-13 23:31:15,0,2,0,"no",0,0,0.537,22,0,0,0,0,3,"small"
"1",0,1,0,0,2012-03-25 03:29:19,0,0,0,"no",0,0,0.99,15,1,0,0,0,2,"small"
"1",0,1,0,0,2012-03-14 03:16:05,0,0,0,"no",0,0,0.09,7,1,0,0,0,0,"none"
"1",0,1,0,0,2012-03-14 10:42:45,0,0,0,"no",1,0,0.232,3,1,0,0,0,0,"none"
"1",0,1,0,0,2012-03-22 09:53:08,0,0,0,"no",0,0,0.594,11,1,0,0,0,1,"small"
"1",0,1,0,0,2012-03-15 03:59:53,0,0,0,"no",0,0,0.448,13,0,0,0,0,0,"none"
"1",0,1,0,0,2012-03-21 08:01:22,0,0,0,"no",0,0,0.775,15,1,0,0,0,1,"small"
"1",0,1,0,0,2012-03-15 18:41:32,0,0,0,"no",0,0,43.427,751,1,0,0,0,2,"big"
"1",0,1,0,0,2012-03-16 00:28:24,0,0,0,"no",0,0,1.643,15,0,0,0,0,0,"big"
"1",0,1,0,0,2012-03-16 10:47:53,0,0,4,"yes",0,0,4.724,104,1,1,0,0,1,"big"
"1",0,1,0,0,2012-03-04 10:56:28,0,0,0,"no",0,0,0.001,1,0,0,0,0,0,"none"
"1",0,1,0,0,2012-03-16 06:34:33,0,0,0,"no",0,0,13.521,247,1,0,0,0,16,"small"
"1",0,1,0,0,2012-03-27 02:57:21,0,0,0,"no",0,0,0.775,15,1,0,0,0,1,"small"
"1",0,1,0,0,2012-03-27 02:57:21,0,0,0,"no",0,0,0.775,15,1,0,0,0,1,"small"
"1",0,1,50,0,2012-03-16 17:39:28,0,0,0,"no",1,0,0.996,56,1,0,0,0,0,"none"
"1",0,1,0,0,2012-03-16 17:39:28,0,0,0,"no",0,0,4.178,66,1,0,0,0,1,"big"
"1",0,1,0,0,2012-03-17 12:20:57,0,0,0,"yes",0,0,0.463,14,0,0,0,0,0,"small"
"1",0,1,0,0,2012-03-17 06:13:27,0,0,0,"yes",0,0,0.757,36,0,0,0,0,1,"small"
"1",0,1,0,0,2012-03-17 14:45:55,0,0,2,"no",0,0,1.259,31,1,0,0,0,1,"small"
"1",1,1,0,0,2012-03-17 11:51:43,0,2,0,"no",0,0,0.341,18,0,0,0,0,0,"none"
"1",0,1,0,0,2012-03-17 17:54:40,0,0,0,"no",0,0,1.379,42,0,0,0,0,1,"big"
"1",0,1,0,0,2012-03-16 14:17:48,0,0,0,"no",0,0,1.584,25,0,0,0,0,0,"none"
"1",0,1,0,0,2012-03-18 20:55:31,0,0,0,"no",0,0,4.961,159,1,0,1,0,9,"small"
"1",0,1,0,0,2012-03-19 09:31:05,0,0,0,"no",0,0,42.238,712,1,0,0,0,2,"big"
"1",0,1,0,0,2012-03-19 04:04:59,0,0,0,"no",1,0,0.238,3,1,0,0,0,0,"none"
"1",0,1,0,0,2012-03-21 22:56:18,0,0,0,"no",0,0,1.001,15,1,0,0,0,1,"small"
"1",0,1,0,0,2012-03-19 12:35:43,0,0,0,"no",0,0,13.1,437,1,0,0,0,4,"big"
"1",0,1,0,0,2012-03-19 17:21:09,0,0,6,"no",0,0,3.708,33,0,0,1,0,2,"small"
"1",0,1,0,0,2012-03-20 11:02:15,0,0,0,"no",0,0,4.747,93,1,0,0,0,1,"small"
"1",0,1,0,0,2012-03-20 12:59:44,0,0,0,"no",0,0,3.555,77,1,0,0,0,1,"small"
"1",0,1,0,0,2012-03-17 05:05:05,0,0,0,"no",0,0,1.584,25,0,0,0,0,0,"none"
"1",0,1,0,0,2012-03-20 09:00:01,0,0,0,"no",0,0,14.792,232,1,0,0,0,17,"small"
"1",0,1,0,0,2012-03-20 08:26:01,0,0,0,"no",0,0,0.214,10,0,0,0,0,1,"none"
"1",0,1,0,0,2012-03-20 08:53:28,0,0,0,"no",0,0,0.09,7,1,0,0,0,0,"none"
"1",0,1,0,0,2012-03-20 09:49:28,0,0,0,"no",1,0,0.312,6,1,0,0,0,0,"none"
"1",0,1,0,0,2012-03-20 23:45:50,0,0,2,"no",0,0,2.776,102,1,0,0,0,0,"small"
"1",0,1,0,0,2012-03-20 15:00:51,0,0,0,"no",0,0,1.149,32,1,0,0,0,1,"small"
"1",0,1,0,0,2012-03-20 16:46:58,0,0,0,"no",0,0,1.247,31,1,0,0,0,3,"small"
"1",0,1,0,0,2012-03-20 22:00:30,0,1,0,"no",0,0,0.13,5,0,0,0,0,0,"none"
"1",0,1,0,0,2012-03-20 23:19:22,0,0,0,"no",0,0,0.71,11,0,0,0,0,0,"small"
"1",0,1,0,0,2012-03-21 02:44:21,0,0,0,"no",0,0,0.71,11,0,0,0,0,0,"small"
"1",0,1,0,0,2012-03-21 03:55:18,0,0,0,"no",0,0,0.09,7,1,0,0,0,0,"none"
"1",0,1,0,0,2012-03-21 08:33:12,0,1,0,"yes",0,0,0.885,33,1,0,1,0,1,"small"
"1",0,1,0,0,2012-03-21 14:38:02,0,0,0,"no",0,2,3.374,84,1,0,0,0,1,"small"
"1",0,1,0,0,2012-03-24 14:58:15,0,0,0,"no",0,0,0.468,13,1,0,0,0,0,"none"
"1",0,1,0,0,2012-03-30 09:20:35,0,0,0,"no",0,0,0.25,9,0,0,0,0,0,"none"
"1",0,1,0,0,2012-03-22 12:01:15,0,1,0,"no",0,0,0.052,2,0,0,0,0,0,"none"
"1",0,1,0,0,2012-03-23 03:38:05,0,0,0,"no",0,0,0.288,6,1,0,0,0,0,"small"
"1",0,1,0,0,2012-03-23 12:44:59,0,0,0,"no",0,0,72.609,980,1,0,0,0,0,"big"
"1",0,1,0,0,2012-03-23 15:28:00,0,0,1,"no",0,0,0.242,6,0,0,0,0,0,"big"
"1",0,1,0,0,2012-03-23 17:56:28,0,0,0,"no",0,0,0.496,10,0,0,0,0,0,"none"
"1",0,1,0,0,2012-03-23 13:38:19,0,0,0,"no",0,0,1.365,16,0,0,0,0,0,"none"
"1",0,1,0,0,2012-03-22 00:10:25,0,0,0,"no",0,0,2.819,53,1,0,0,0,1,"small"
"1",0,1,0,0,2012-03-25 08:43:29,0,2,0,"no",0,0,0.537,22,0,0,0,0,3,"small"
"1",0,1,0,0,2012-03-25 21:25:20,0,0,5,"no",0,0,68.137,1292,1,0,0,0,14,"big"
"1",0,1,0,0,2012-03-26 15:23:41,0,0,3,"no",1,0,10.585,142,1,0,0,1,9,"small"
"1",1,1,0,0,2012-03-26 07:22:24,0,2,0,"no",0,0,0.459,21,0,0,0,0,0,"none"
"1",0,1,0,0,2012-03-26 13:07:41,0,0,0,"no",0,0,0.031,3,0,0,0,0,0,"small"
"1",0,1,0,0,2012-03-26 22:28:53,0,0,0,"no",0,0,0.11,7,1,0,0,0,0,"none"
"1",0,1,0,0,2012-03-27 01:17:01,0,1,0,"no",0,0,0.198,6,1,0,0,1,1,"none"
"1",0,1,0,0,2012-03-27 12:25:10,0,0,0,"no",0,0,1.362,16,0,0,0,0,0,"none"
"1",0,1,0,0,2012-03-27 06:57:10,0,0,0,"yes",0,0,0.819,42,0,0,0,0,1,"small"
"1",0,1,0,0,2012-03-26 09:57:14,0,0,0,"no",0,0,0.999,27,1,0,0,0,2,"small"
"1",0,1,0,0,2012-03-28 02:09:28,0,2,0,"no",0,0,0.459,21,0,0,0,0,0,"none"
"1",0,1,0,0,2012-03-28 06:10:54,0,0,0,"no",0,0,0.65,22,0,0,0,0,0,"small"
"1",0,1,0,0,2012-03-28 09:47:53,0,0,4,"no",0,0,19.263,472,1,0,1,0,10,"small"
"1",0,1,0,0,2012-03-28 21:46:02,0,0,0,"no",0,0,1.535,40,0,0,0,0,0,"small"
"1",0,1,0,0,2012-03-28 13:25:36,0,0,4,"no",0,0,1.107,25,0,0,0,0,0,"small"
"1",0,1,0,0,2012-03-28 21:27:09,0,0,1,"no",0,0,0.073,5,0,0,1,0,1,"none"
"1",0,1,0,0,2012-03-29 19:43:00,0,0,0,"no",0,0,0.015,3,1,0,0,0,0,"none"
"1",0,1,0,0,2012-03-29 18:12:54,0,0,0,"no",1,0,0.249,11,0,0,0,0,0,"none"
"1",1,1,0,0,2012-03-29 08:18:31,0,2,0,"no",0,0,0.341,18,0,0,0,0,0,"none"
"1",0,1,0,0,2012-03-29 18:21:18,0,0,0,"no",0,0,2.402,55,0,0,0,0,0,"none"
"1",0,1,0,0,2012-03-30 00:34:32,0,0,0,"no",0,0,1.055,27,1,0,0,0,1,"small"
"1",0,1,0,0,2012-03-30 10:57:30,0,0,0,"no",0,0,0.819,19,1,0,0,0,2,"small"
"1",0,1,0,0,2012-03-30 12:00:21,0,0,2,"no",0,0,1.597,46,0,0,1,0,3,"small"
"1",0,1,0,0,2012-03-30 18:42:12,0,0,1,"no",0,0,0.333,13,0,0,0,0,0,"big"
"1",0,1,0,0,2012-03-30 20:03:45,0,0,0,"no",0,0,0.332,12,0,0,0,0,0,"small"
"1",0,1,0,0,2012-03-31 10:13:19,0,0,1,"no",0,0,0.323,15,0,0,0,0,0,"small"
"1",0,1,0,0,2012-03-31 05:20:24,0,0,2,"yes",0,0,2.225,65,0,0,1,0,1,"small"
